<?xml version="1.0"?>
<doc>
    <assembly>
        <name>UnityModManager</name>
    </assembly>
    <members>
        <member name="M:UnityModManagerNet.UnityModManager.GameScripts.GameScript.OnToggleWindow(System.Boolean)">
            <summary>
            [0.21.3]
            </summary>
        </member>
        <member name="M:UnityModManagerNet.UnityModManager.ModEntry.ModLogger.LogException(System.String,System.Exception)">
            <summary>
            [0.17.0]
            </summary>
        </member>
        <member name="M:UnityModManagerNet.UnityModManager.ModEntry.ModLogger.LogException(System.Exception)">
            <summary>
            [0.17.0]
            </summary>
        </member>
        <member name="F:UnityModManagerNet.UnityModManager.ModEntry.Path">
            <summary>
            Path to mod folder
            </summary>
        </member>
        <member name="P:UnityModManagerNet.UnityModManager.ModEntry.HasAssembly">
            <summary>
            Does the mod use a dll [0.26.0]
            </summary>
        </member>
        <member name="F:UnityModManagerNet.UnityModManager.ModEntry.Version">
            <summary>
            Version of a mod
            </summary>
        </member>
        <member name="F:UnityModManagerNet.UnityModManager.ModEntry.ManagerVersion">
            <summary>
            Required UMM version
            </summary>
        </member>
        <member name="F:UnityModManagerNet.UnityModManager.ModEntry.GameVersion">
            <summary>
            Required game version [0.15.0]
            </summary>
        </member>
        <member name="F:UnityModManagerNet.UnityModManager.ModEntry.NewestVersion">
            <summary>
            Not used
            </summary>
        </member>
        <member name="F:UnityModManagerNet.UnityModManager.ModEntry.Requirements">
            <summary>
            Required mods
            </summary>
        </member>
        <member name="F:UnityModManagerNet.UnityModManager.ModEntry.LoadAfter">
            <summary>
            List of mods after which this mod should be loaded [0.22.5]
            </summary>
        </member>
        <member name="F:UnityModManagerNet.UnityModManager.ModEntry.CustomRequirements">
            <summary>
            Displayed in UMM UI. Add <color></color> tag to change colors. Can be used when custom verification game version [0.15.0]
            </summary>
        </member>
        <member name="F:UnityModManagerNet.UnityModManager.ModEntry.Hotkey">
            <summary>
            Hotkey for quick access to the mod content [0.28.2]
            </summary>
        </member>
        <member name="F:UnityModManagerNet.UnityModManager.ModEntry.HasUpdate">
            <summary>
            Not used
            </summary>
        </member>
        <member name="P:UnityModManagerNet.UnityModManager.ModEntry.CanReload">
            <summary>
            Show button to reload the mod [0.14.0]
            </summary>
        </member>
        <member name="F:UnityModManagerNet.UnityModManager.ModEntry.OnUnload">
            <summary>
            Called to unload old data for reloading mod [0.14.0]
            </summary>
        </member>
        <member name="F:UnityModManagerNet.UnityModManager.ModEntry.OnToggle">
            <summary>
            Called to activate / deactivate the mod
            </summary>
        </member>
        <member name="F:UnityModManagerNet.UnityModManager.ModEntry.OnGUI">
            <summary>
            Called by MonoBehaviour.OnGUI when mod options are visible.
            </summary>
        </member>
        <member name="F:UnityModManagerNet.UnityModManager.ModEntry.OnFixedGUI">
            <summary>
            Called by MonoBehaviour.OnGUI, always [0.21.0]
            </summary>
        </member>
        <member name="F:UnityModManagerNet.UnityModManager.ModEntry.OnShowGUI">
            <summary>
            Called when opening mod GUI [0.16.0]
            </summary>
        </member>
        <member name="F:UnityModManagerNet.UnityModManager.ModEntry.OnHideGUI">
            <summary>
            Called when closing mod GUI [0.16.0]
            </summary>
        </member>
        <member name="F:UnityModManagerNet.UnityModManager.ModEntry.OnSaveGUI">
            <summary>
            Called when the game closes
            </summary>
        </member>
        <member name="F:UnityModManagerNet.UnityModManager.ModEntry.OnUpdate">
            <summary>
            Called by MonoBehaviour.Update [0.13.0]
            </summary>
        </member>
        <member name="F:UnityModManagerNet.UnityModManager.ModEntry.OnLateUpdate">
            <summary>
            Called by MonoBehaviour.LateUpdate [0.13.0]
            </summary>
        </member>
        <member name="F:UnityModManagerNet.UnityModManager.ModEntry.OnFixedUpdate">
            <summary>
            Called by MonoBehaviour.FixedUpdate [0.13.0]
            </summary>
        </member>
        <member name="F:UnityModManagerNet.UnityModManager.ModEntry.OnSessionStart">
            <summary>
            Called by SessionStartPoint usually after loading a new or saved game
            Must be preconfigured
            Check UnityModManager.IsSupportOnSessionStart before 
            [0.27.0]
            </summary>
        </member>
        <member name="F:UnityModManagerNet.UnityModManager.ModEntry.OnSessionStop">
            <summary>
            Called by SessionStopPoint
            Must be preconfigured
            Check UnityModManager.IsSupportOnSessionStop before 
            [0.27.0]
            </summary>
        </member>
        <member name="F:UnityModManagerNet.UnityModManager.ModEntry.Skins">
            <summary>
            [0.28.0]
            </summary>
        </member>
        <member name="P:UnityModManagerNet.UnityModManager.ModEntry.Started">
            <summary>
            Has been launched at least once
            </summary>
        </member>
        <member name="F:UnityModManagerNet.UnityModManager.ModEntry.Enabled">
            <summary>
            UI checkbox
            </summary>
        </member>
        <member name="P:UnityModManagerNet.UnityModManager.ModEntry.Toggleable">
            <summary>
            Return TRUE if OnToggle exists
            </summary>
        </member>
        <member name="P:UnityModManagerNet.UnityModManager.ModEntry.Loaded">
            <summary>
            Return TRUE if Assembly is loaded [0.13.1]
            </summary>
        </member>
        <member name="P:UnityModManagerNet.UnityModManager.ModEntry.Active">
            <summary>
            Activates or deactivates the mod by calling OnToggle if present
            </summary>
        </member>
        <member name="M:UnityModManagerNet.UnityModManager.ModEntry.HasContentType(System.String)">
            <summary>
            Looks for a word match within boundaries and ignores case [0.26.0]
            </summary>
        </member>
        <member name="M:UnityModManagerNet.UnityModManager.Logger.LogException(System.Exception)">
            <summary>
            [0.17.0]
            </summary>
        </member>
        <member name="M:UnityModManagerNet.UnityModManager.Logger.LogException(System.String,System.Exception)">
            <summary>
            [0.17.0]
            </summary>
        </member>
        <member name="M:UnityModManagerNet.UnityModManager.Logger.LogException(System.String,System.Exception,System.String)">
            <summary>
            [0.17.0]
            </summary>
        </member>
        <member name="F:UnityModManagerNet.UnityModManager.ModInfo.IsCheat">
            <summary>
            Used for RoR2 game [0.17.0]
            </summary>
        </member>
        <member name="P:UnityModManagerNet.UnityModManager.unityVersion">
            <summary>
            Contains version of UnityEngine
            </summary>
        </member>
        <member name="P:UnityModManagerNet.UnityModManager.gameVersion">
            <summary>
            Contains version of a game, if configured [0.15.0]
            </summary>
        </member>
        <member name="P:UnityModManagerNet.UnityModManager.version">
            <summary>
            Contains version of UMM
            </summary>
        </member>
        <member name="F:UnityModManagerNet.UnityModManager.modEntries">
            <summary>
            List of all mods
            </summary>
        </member>
        <member name="P:UnityModManagerNet.UnityModManager.modsPath">
            <summary>
            Path to Mods folder
            </summary>
        </member>
        <member name="F:UnityModManagerNet.UnityModManager.allSkins">
            <summary>
            [0.28.0]
            </summary>
        </member>
        <member name="T:UnityModManagerNet.UnityModManager.ToggleModsListen">
            <summary>
            [0.26.0]
            </summary>
        </member>
        <member name="E:UnityModManagerNet.UnityModManager.toggleModsListen">
            <summary>
            [0.26.0]
            </summary>
        </member>
        <member name="P:UnityModManagerNet.UnityModManager.IsSupportOnSessionStart">
            <summary>
            Does the OnSessionStart support [0.27.0]
            </summary>
        </member>
        <member name="P:UnityModManagerNet.UnityModManager.IsSupportOnSessionStop">
            <summary>
            Does the OnSessionStop support [0.27.0]
            </summary>
        </member>
        <member name="M:UnityModManagerNet.UnityModManager.ModSettings.Save(UnityModManagerNet.UnityModManager.ModEntry)">
            <summary>
            By default, it will save the data to the Mods/%Name%/Settings.xml [0.31.1]
            </summary>
            <remarks>
            Before version [0.31.1] it was necessary to override
            </remarks>
        </member>
        <member name="M:UnityModManagerNet.UnityModManager.ModSettings.Save``1(``0,UnityModManagerNet.UnityModManager.ModEntry,System.Xml.Serialization.XmlAttributeOverrides)">
            <summary>
            [0.20.0]
            </summary>
        </member>
        <member name="M:UnityModManagerNet.UnityModManager.UI.PopupToggleGroup(System.Int32@,System.String[],UnityEngine.GUIStyle,UnityEngine.GUILayoutOption[])">
            <summary>
            Single choice checkboxes popup. 
            </summary>
            <remarks>
            <para>[0.18.0]</para>
            </remarks>
            <returns>
            Returns true if the value has changed.
            </returns>
        </member>
        <member name="M:UnityModManagerNet.UnityModManager.UI.PopupToggleGroup(System.Int32@,System.String[],System.String,UnityEngine.GUIStyle,UnityEngine.GUILayoutOption[])">
            <summary>
            Single choice checkboxes popup. 
            </summary>
            <remarks>
            The <paramref name="title"/> must be unique.
            <para>[0.18.0]</para>
            </remarks>
            <returns>
            Returns true if the value has changed.
            </returns>
        </member>
        <member name="M:UnityModManagerNet.UnityModManager.UI.PopupToggleGroup(System.Int32@,System.String[],System.String,System.Int32,UnityEngine.GUIStyle,UnityEngine.GUILayoutOption[])">
            <summary>
            Single choice checkboxes popup. 
            </summary>
            <remarks>
            The <paramref name="unique"/> must be unique.
            <para>[0.22.15]</para>
            </remarks>
            <returns>
            Returns true if the value has changed.
            </returns>
        </member>
        <member name="M:UnityModManagerNet.UnityModManager.UI.PopupToggleGroup(System.Int32,System.String[],System.Action{System.Int32},UnityEngine.GUIStyle,UnityEngine.GUILayoutOption[])">
            <summary>
            Single choice checkboxes popup. 
            </summary>
            <remarks>
            <para>[0.16.0]</para>
            </remarks>
        </member>
        <member name="M:UnityModManagerNet.UnityModManager.UI.PopupToggleGroup(System.Int32,System.String[],System.Action{System.Int32},System.String,UnityEngine.GUIStyle,UnityEngine.GUILayoutOption[])">
            <summary>
            Single choice checkboxes popup. 
            </summary>
            <remarks>
            The <paramref name="title"/> must be unique.
            <para>[0.16.0]</para>
            </remarks>
        </member>
        <member name="M:UnityModManagerNet.UnityModManager.UI.PopupToggleGroup(System.Int32,System.String[],System.Action{System.Int32},System.String,System.Int32,UnityEngine.GUIStyle,UnityEngine.GUILayoutOption[])">
            <summary>
            Single choice checkboxes popup. 
            </summary>
            <remarks>
            The <paramref name="unique"/> must be unique.
            <para>[0.22.15]</para>
            </remarks>
        </member>
        <member name="M:UnityModManagerNet.UnityModManager.UI.PopupToggleMulti(System.Int32@,System.Type,UnityEngine.GUIStyle,UnityEngine.GUILayoutOption[])">
            <summary>
            Multi choice checkboxes popup.
            </summary>
            <remarks>
            Use only with bits.
            <para>[0.31.0]</para>
            </remarks>
            <returns>
            Returns true if the value has changed.
            </returns>
        </member>
        <member name="M:UnityModManagerNet.UnityModManager.UI.PopupToggleMulti(System.Int32@,System.Type,System.String,UnityEngine.GUIStyle,UnityEngine.GUILayoutOption[])">
            <summary>
            Multi choice checkboxes popup.
            </summary>
            <remarks>
            Use only with bits. The <paramref name="title"/> must be unique.
            <para>[0.31.0]</para>
            </remarks>
            <returns>
            Returns true if the value has changed.
            </returns>
        </member>
        <member name="M:UnityModManagerNet.UnityModManager.UI.PopupToggleMulti(System.Int32@,System.Type,System.String,System.Int32,UnityEngine.GUIStyle,UnityEngine.GUILayoutOption[])">
            <summary>
            Multi choice checkboxes popup.
            </summary>
            <remarks>
            Use only with bits. The <paramref name="unique"/> must be unique.
            <para>[0.31.0]</para>
            </remarks>
            <returns>
            Returns true if the value has changed.
            </returns>
        </member>
        <member name="M:UnityModManagerNet.UnityModManager.UI.PopupToggleMulti(System.Int32,System.Type,System.Action{System.Int32},UnityEngine.GUIStyle,UnityEngine.GUILayoutOption[])">
            <summary>
            Multi choice checkboxes popup.
            </summary>
            <remarks>
            Use only with bits.
            <para>[0.31.0]</para>
            </remarks>
        </member>
        <member name="M:UnityModManagerNet.UnityModManager.UI.PopupToggleMulti(System.Int32,System.Type,System.Action{System.Int32},System.String,UnityEngine.GUIStyle,UnityEngine.GUILayoutOption[])">
            <summary>
            Multi choice checkboxes popup.
            </summary>
            <remarks>
            Use only with bits. The <paramref name="title"/> must be unique.
            <para>[0.31.0]</para>
            </remarks>
        </member>
        <member name="M:UnityModManagerNet.UnityModManager.UI.PopupToggleMulti(System.Int32,System.Type,System.Action{System.Int32},System.String,System.Int32,UnityEngine.GUIStyle,UnityEngine.GUILayoutOption[])">
            <summary>
            Multi choice checkboxes popup.
            </summary>
            <remarks>
            Use only with bits. The <paramref name="unique"/> must be unique.
            <para>[0.31.0]</para>
            </remarks>
        </member>
        <member name="M:UnityModManagerNet.UnityModManager.UI.PopupToggleMulti(System.Int32@,System.String[],System.Int32[],UnityEngine.GUIStyle,UnityEngine.GUILayoutOption[])">
            <summary>
            Multi choice checkboxes popup.
            </summary>
            <remarks>
            Use only with bits.
            <para>[0.31.0]</para>
            </remarks>
            <returns>
            Returns true if the value has changed.
            </returns>
        </member>
        <member name="M:UnityModManagerNet.UnityModManager.UI.PopupToggleMulti(System.Int32@,System.String[],System.Int32[],System.String,UnityEngine.GUIStyle,UnityEngine.GUILayoutOption[])">
            <summary>
            Multi choice checkboxes popup.
            </summary>
            <remarks>
            Use only with bits. The <paramref name="title"/> must be unique.
            <para>[0.31.0]</para>
            </remarks>
            <returns>
            Returns true if the value has changed.
            </returns>
        </member>
        <member name="M:UnityModManagerNet.UnityModManager.UI.PopupToggleMulti(System.Int32@,System.String[],System.Int32[],System.String,System.Int32,UnityEngine.GUIStyle,UnityEngine.GUILayoutOption[])">
            <summary>
            Multi choice checkboxes popup.
            </summary>
            <remarks>
            Use only with bits. The <paramref name="unique"/> must be unique.
            <para>[0.31.0]</para>
            </remarks>
            <returns>
            Returns true if the value has changed.
            </returns>
        </member>
        <member name="M:UnityModManagerNet.UnityModManager.UI.PopupToggleMulti(System.Int32,System.String[],System.Int32[],System.Action{System.Int32},UnityEngine.GUIStyle,UnityEngine.GUILayoutOption[])">
            <summary>
            Multi choice checkboxes popup.
            </summary>
            <remarks>
            Use only with bits.
            <para>[0.31.0]</para>
            </remarks>
        </member>
        <member name="M:UnityModManagerNet.UnityModManager.UI.PopupToggleMulti(System.Int32,System.String[],System.Int32[],System.Action{System.Int32},System.String,UnityEngine.GUIStyle,UnityEngine.GUILayoutOption[])">
            <summary>
            Multi choice checkboxes popup.
            </summary>
            <remarks>
            Use only with bits. The <paramref name="title"/> must be unique.
            <para>[0.31.0]</para>
            </remarks>
        </member>
        <member name="M:UnityModManagerNet.UnityModManager.UI.PopupToggleMulti(System.Int32,System.String[],System.Int32[],System.Action{System.Int32},System.String,System.Int32,UnityEngine.GUIStyle,UnityEngine.GUILayoutOption[])">
            <summary>
            Multi choice checkboxes popup.
            </summary>
            <remarks>
            Use only with bits. The <paramref name="unique"/> must be unique.
            <para>[0.31.0]</para>
            </remarks>
        </member>
        <member name="M:UnityModManagerNet.UnityModManager.UI.ToggleGroup(System.Int32@,System.String[],UnityEngine.GUIStyle,UnityEngine.GUILayoutOption[])">
            <summary>
            Single choice checkboxes [0.18.0]
            </summary>
            <returns>
            Returns true if the value has changed.
            </returns>
        </member>
        <member name="M:UnityModManagerNet.UnityModManager.UI.ToggleGroup(System.Int32,System.String[],System.Action{System.Int32},UnityEngine.GUIStyle,UnityEngine.GUILayoutOption[])">
            <summary>
            Single choice checkboxes [0.16.0]
            </summary>
        </member>
        <member name="M:UnityModManagerNet.UnityModManager.UI.ToggleMulti(System.Int32@,System.Type,UnityEngine.GUIStyle,UnityEngine.GUILayoutOption[])">
            <summary>
            Multi choice checkboxes.
            </summary>
            <remarks>
            Use only with bits.
            <para>[0.31.0]</para>
            </remarks>
            <returns>
            Returns true if the value has changed.
            </returns>
        </member>
        <member name="M:UnityModManagerNet.UnityModManager.UI.ToggleMulti(System.Int32,System.Type,System.Action{System.Int32},UnityEngine.GUIStyle,UnityEngine.GUILayoutOption[])">
            <summary>
            Multi choice checkboxes.
            </summary>
            <remarks>
            Use only with bits.
            <para>[0.31.0]</para>
            </remarks>
        </member>
        <member name="M:UnityModManagerNet.UnityModManager.UI.ToggleMulti(System.Int32@,System.String[],System.Int32[],UnityEngine.GUIStyle,UnityEngine.GUILayoutOption[])">
            <summary>
            Multi choice checkboxes.
            </summary>
            <remarks>
            Use only with bits.
            <para>[0.31.0]</para>
            </remarks>
            <returns>
            Returns true if the value has changed.
            </returns>
        </member>
        <member name="M:UnityModManagerNet.UnityModManager.UI.ToggleMulti(System.Int32,System.String[],System.Int32[],System.Action{System.Int32},UnityEngine.GUIStyle,UnityEngine.GUILayoutOption[])">
            <summary>
            Multi choice checkboxes.
            </summary>
            <remarks>
            Use only with bits.
            <para>[0.31.0]</para>
            </remarks>
        </member>
        <member name="F:UnityModManagerNet.UnityModManager.UI.button">
            <summary>
            [0.13.1]
            </summary>
        </member>
        <member name="M:UnityModManagerNet.UnityModManager.UI.RenderTooltip(System.String,UnityEngine.GUIStyle,UnityEngine.GUILayoutOption[])">
            <summary>
            Renders question mark with a tooltip [0.25.0]
            </summary>
        </member>
        <member name="M:UnityModManagerNet.UnityModManager.UI.Tooltip(System.String)">
            <summary>
            Call after any GUILayout [0.28.2]
            </summary>
        </member>
        <member name="M:UnityModManagerNet.UnityModManager.UI.DrawKeybinding(UnityModManagerNet.KeyBinding@,System.String,UnityEngine.GUIStyle,UnityEngine.GUILayoutOption[])">
            <summary>
            [0.22.8]
            </summary>
            <returns>
            Returns true if the value has changed.
            </returns>
        </member>
        <member name="M:UnityModManagerNet.UnityModManager.UI.DrawKeybinding(UnityModManagerNet.KeyBinding@,System.String,System.Int32,UnityEngine.GUIStyle,UnityEngine.GUILayoutOption[])">
            <summary>
            [0.22.15]
            </summary>
            <returns>
            Returns true if the value has changed.
            </returns>
        </member>
        <member name="M:UnityModManagerNet.UnityModManager.UI.DrawKeybindingSmart(UnityModManagerNet.KeyBinding,System.String,UnityEngine.GUIStyle,UnityEngine.GUILayoutOption[])">
            <summary>
            [0.27.5]
            </summary>
        </member>
        <member name="M:UnityModManagerNet.UnityModManager.UI.DrawKeybindingSmart(UnityModManagerNet.KeyBinding,System.String,System.Action{UnityModManagerNet.KeyBinding},UnityEngine.GUIStyle,UnityEngine.GUILayoutOption[])">
            <summary>
            [0.27.5]
            </summary>
        </member>
        <member name="M:UnityModManagerNet.UnityModManager.UI.DrawKeybindingSmart(UnityModManagerNet.KeyBinding,System.String,System.Action{UnityModManagerNet.KeyBinding},System.Boolean,UnityEngine.GUIStyle,UnityEngine.GUILayoutOption[])">
            <summary>
            [0.27.5]
            </summary>
        </member>
        <member name="M:UnityModManagerNet.UnityModManager.UI.DrawVector(UnityEngine.Vector2@,UnityEngine.GUIStyle,UnityEngine.GUILayoutOption[])">
            <summary>
            [0.18.0]
            </summary>
            <returns>
            Returns true if the value has changed.
            </returns>
        </member>
        <member name="M:UnityModManagerNet.UnityModManager.UI.DrawVector(UnityEngine.Vector2,System.Action{UnityEngine.Vector2},UnityEngine.GUIStyle,UnityEngine.GUILayoutOption[])">
            <summary>
            [0.18.0]
            </summary>
            <returns>
            Returns result via onChange.
            </returns>
        </member>
        <member name="M:UnityModManagerNet.UnityModManager.UI.DrawVector(UnityEngine.Vector3@,UnityEngine.GUIStyle,UnityEngine.GUILayoutOption[])">
            <summary>
            [0.18.0]
            </summary>
            <returns>
            Returns true if the value has changed.
            </returns>
        </member>
        <member name="M:UnityModManagerNet.UnityModManager.UI.DrawVector(UnityEngine.Vector3,System.Action{UnityEngine.Vector3},UnityEngine.GUIStyle,UnityEngine.GUILayoutOption[])">
            <summary>
            [0.18.0]
            </summary>
            <returns>
            Returns result via onChange.
            </returns>
        </member>
        <member name="M:UnityModManagerNet.UnityModManager.UI.DrawVector(UnityEngine.Vector4@,UnityEngine.GUIStyle,UnityEngine.GUILayoutOption[])">
            <summary>
            [0.18.0]
            </summary>
            <returns>
            Returns true if the value has changed.
            </returns>
        </member>
        <member name="M:UnityModManagerNet.UnityModManager.UI.DrawVector(UnityEngine.Vector4,System.Action{UnityEngine.Vector4},UnityEngine.GUIStyle,UnityEngine.GUILayoutOption[])">
            <summary>
            [0.18.0]
            </summary>
            <returns>
            Returns result via onChange.
            </returns>
        </member>
        <member name="M:UnityModManagerNet.UnityModManager.UI.DrawColor(UnityEngine.Color@,UnityEngine.GUIStyle,UnityEngine.GUILayoutOption[])">
            <summary>
            [0.18.0]
            </summary>
            <returns>
            Returns true if the value has changed.
            </returns>
        </member>
        <member name="M:UnityModManagerNet.UnityModManager.UI.DrawColor(UnityEngine.Color,System.Action{UnityEngine.Color},UnityEngine.GUIStyle,UnityEngine.GUILayoutOption[])">
            <summary>
            [0.18.0]
            </summary>
            <returns>
            Returns result via onChange.
            </returns>
        </member>
        <member name="M:UnityModManagerNet.UnityModManager.UI.DrawVector(UnityModManagerNet.Vector2i@,UnityEngine.GUIStyle,UnityEngine.GUILayoutOption[])">
            <summary>
            [0.29.0]
            </summary>
            <returns>
            Returns true if the value has changed.
            </returns>
        </member>
        <member name="M:UnityModManagerNet.UnityModManager.UI.DrawVector(UnityModManagerNet.Vector2i,System.Action{UnityModManagerNet.Vector2i},UnityEngine.GUIStyle,UnityEngine.GUILayoutOption[])">
            <summary>
            [0.29.0]
            </summary>
            <returns>
            Returns result via onChange.
            </returns>
        </member>
        <member name="M:UnityModManagerNet.UnityModManager.UI.DrawVector(UnityModManagerNet.Vector3i@,UnityEngine.GUIStyle,UnityEngine.GUILayoutOption[])">
            <summary>
            [0.29.0]
            </summary>
            <returns>
            Returns true if the value has changed.
            </returns>
        </member>
        <member name="M:UnityModManagerNet.UnityModManager.UI.DrawVector(UnityModManagerNet.Vector3i,System.Action{UnityModManagerNet.Vector3i},UnityEngine.GUIStyle,UnityEngine.GUILayoutOption[])">
            <summary>
            [0.29.0]
            </summary>
            <returns>
            Returns result via onChange.
            </returns>
        </member>
        <member name="M:UnityModManagerNet.UnityModManager.UI.DrawFloatMultiField(System.Single[]@,System.String[],UnityEngine.GUIStyle,UnityEngine.GUILayoutOption[])">
            <summary>
            [0.18.0]
            </summary>
            <returns>
            Returns true if the value has changed.
            </returns>
        </member>
        <member name="M:UnityModManagerNet.UnityModManager.UI.DrawFloatField(System.Single@,System.String,UnityEngine.GUIStyle,UnityEngine.GUILayoutOption[])">
            <summary>
            [0.19.0]
            </summary>
            <returns>
            Returns true if the value has changed.
            </returns>
        </member>
        <member name="M:UnityModManagerNet.UnityModManager.UI.DrawFloatField(System.Single,System.String,System.Action{System.Single},UnityEngine.GUIStyle,UnityEngine.GUILayoutOption[])">
            <summary>
            [0.19.0]
            </summary>
            <returns>
            Returns result via onChange.
            </returns>
        </member>
        <member name="M:UnityModManagerNet.UnityModManager.UI.DrawIntMultiField(System.Int32[]@,System.String[],UnityEngine.GUIStyle,UnityEngine.GUILayoutOption[])">
            <summary>
            [0.28.1]
            </summary>
            <returns>
            Returns true if the value has changed.
            </returns>
        </member>
        <member name="M:UnityModManagerNet.UnityModManager.UI.DrawIntField(System.Int32@,System.String,UnityEngine.GUIStyle,UnityEngine.GUILayoutOption[])">
            <summary>
            [0.19.0]
            </summary>
            <returns>
            Returns true if the value has changed.
            </returns>
        </member>
        <member name="M:UnityModManagerNet.UnityModManager.UI.DrawIntField(System.Int32,System.String,System.Action{System.Int32},UnityEngine.GUIStyle,UnityEngine.GUILayoutOption[])">
            <summary>
            [0.19.0]
            </summary>
            <returns>
            Returns result via onChange.
            </returns>
        </member>
        <member name="M:UnityModManagerNet.UnityModManager.UI.DependsOn(System.String,System.Object,System.Type,UnityModManagerNet.UnityModManager.ModEntry)">
            <summary>
            # is a feature of [0.24.2]
            </summary>
        </member>
        <member name="M:UnityModManagerNet.UnityModManager.UI.DrawFields``1(``0@,UnityModManagerNet.UnityModManager.ModEntry,UnityModManagerNet.DrawFieldMask,System.Action)">
            <summary>
            Renders fields [0.18.0]
            </summary>
        </member>
        <member name="M:UnityModManagerNet.UnityModManager.UI.DrawFields``1(``0@,UnityModManagerNet.UnityModManager.ModEntry,System.Int32,UnityModManagerNet.DrawFieldMask,System.Action)">
            <summary>
            Renders fields [0.22.15]
            </summary>
        </member>
        <member name="M:UnityModManagerNet.UnityModManager.UI.Window_GUI.Close">
            <summary>
            []
            </summary>
        </member>
        <member name="M:UnityModManagerNet.UnityModManager.UI.ShowWindow(System.Action{UnityModManagerNet.UnityModManager.UI.Window_GUI},System.String,System.Int32,UnityModManagerNet.UnityModManager.UI.WindowParams)">
            <summary>
            Creates and displays window. Caches by title or unique. (deferred) []
            </summary>
        </member>
        <member name="M:UnityModManagerNet.UnityModManager.UI.ShowWindow(System.Action{UnityModManagerNet.UnityModManager.UI.Window_GUI},System.Action,System.String,System.Int32,UnityModManagerNet.UnityModManager.UI.WindowParams)">
            <summary>
            Creates and displays window. Caches by title or unique saving window parameters. (deferred) []
            </summary>
        </member>
        <member name="M:UnityModManagerNet.Extensions.ResizeToIfLess(UnityEngine.Texture2D,System.Int32)">
            <summary>
            Only works on ARGB32, RGB24 and Alpha8 textures that are marked readable
            </summary>
            <param name="tex"></param>
            <param name="size"></param>
        </member>
        <member name="M:UnityModManagerNet.Extensions.Draw``1(``0,UnityModManagerNet.UnityModManager.ModEntry)">
            <summary>
            Renders fields with mask OnlyDrawAttr. [0.18.0]
            </summary>
        </member>
        <member name="M:UnityModManagerNet.Extensions.Draw``1(``0,UnityModManagerNet.UnityModManager.ModEntry,System.Int32)">
            <summary>
            Renders fields with mask OnlyDrawAttr. [0.22.15]
            </summary>
        </member>
        <member name="M:UnityModManagerNet.Extensions.CopyFieldsTo``2(``0,``1@)">
            <summary>
            [0.18.0]
            </summary>
        </member>
        <member name="M:UnityModManagerNet.Utils.LoadImage(UnityEngine.Texture2D,System.Byte[])">
            <summary>
            [0.27.8]
            </summary>
        </member>
        <member name="M:UnityModManagerNet.Utils.LoadTexture(System.String)">
            <summary>
            [0.27.8] png|jpg
            </summary>
        </member>
        <member name="M:UnityModManagerNet.Utils.CopyFields``2(System.Object,System.Object,UnityModManagerNet.CopyFieldMask)">
            <summary>
            [0.18.0]
            </summary>
        </member>
        <member name="T:UnityModManagerNet.KeyBinding">
            <summary>
            [0.20.0]
            </summary>
        </member>
        <member name="P:UnityModManagerNet.KeyBinding.LegacyInputDisabled">
            <summary>
            [0.22.12]
            </summary>
        </member>
        <member name="M:UnityModManagerNet.KeyBinding.Pressed">
            <summary>
            Use to poll key status.
            </summary>
        </member>
        <member name="M:UnityModManagerNet.KeyBinding.Down">
            <summary>
            Use to poll key status.
            </summary>
        </member>
        <member name="M:UnityModManagerNet.KeyBinding.Up">
            <summary>
            Use to poll key status.
            </summary>
        </member>
        <member name="T:UnityModManagerNet.SaveOnReloadAttribute">
            <summary>
            Copies a value from an old assembly to a new one [0.14.0]
            </summary>
        </member>
        <member name="T:UnityModManagerNet.EnableReloadingAttribute">
            <summary>
            Allows reloading [0.14.1]
            </summary>
        </member>
        <member name="T:UnityModManagerNet.Properties.Resources">
            <summary>
              一个强类型的资源类，用于查找本地化的字符串等。
            </summary>
        </member>
        <member name="P:UnityModManagerNet.Properties.Resources.ResourceManager">
            <summary>
              返回此类使用的缓存的 ResourceManager 实例。
            </summary>
        </member>
        <member name="P:UnityModManagerNet.Properties.Resources.Culture">
            <summary>
              重写当前线程的 CurrentUICulture 属性
              重写当前线程的 CurrentUICulture 属性。
            </summary>
        </member>
        <member name="T:UnityModManagerNet.DrawType">
            <summary>
            [0.18.0]
            </summary>
        </member>
        <member name="F:UnityModManagerNet.DrawType.Auto">
            <summary>
            Automatically detects which GUI to render.
            </summary>
        </member>
        <member name="F:UnityModManagerNet.DrawType.Ignore">
            <summary>
            Do not render.
            </summary>
        </member>
        <member name="F:UnityModManagerNet.DrawType.Field">
            <summary>
            Text field or area text field. Supports parameter TextArea.
            </summary>
        </member>
        <member name="F:UnityModManagerNet.DrawType.Slider">
            <summary>
            Integer and float number slider. Supports parameters Min, Max and Precision.
            </summary>
        </member>
        <member name="F:UnityModManagerNet.DrawType.Toggle">
            <summary>
            Boolean checkbox.
            </summary>
        </member>
        <member name="F:UnityModManagerNet.DrawType.ToggleGroup">
            <summary>
            Enum group checkbox.
            </summary>
        </member>
        <member name="F:UnityModManagerNet.DrawType.ToggleMulti">
            <summary>
            Enum multi checkbox. Use only with bits. [0.31.0]
            </summary>
        </member>
        <member name="F:UnityModManagerNet.DrawType.PopupToggleMulti">
            <summary>
            Enum multi checkbox popup. Use only with bits. [0.31.0]
            </summary>
        </member>
        <member name="F:UnityModManagerNet.DrawType.PopupList">
            <summary>
            Enum group checklist popup.
            </summary>
        </member>
        <member name="F:UnityModManagerNet.DrawType.KeyBinding">
            <summary>
            GUI for creating key bindings.
            </summary>
        </member>
        <member name="F:UnityModManagerNet.DrawType.KeyBindingNoMod">
            <summary>
            GUI for creating key bindings without modifiers. [0.27.5]
            </summary>
        </member>
        <member name="F:UnityModManagerNet.DrawType.CustomGUI">
            <summary>
            Action delegate with or without argument to declaring class. Use it for a customized GUI [0.29.0]
            </summary>
        </member>
        <member name="T:UnityModManagerNet.DrawFieldMask">
            <summary>
            [0.18.0]
            </summary>
        </member>
        <member name="T:UnityModManagerNet.IDrawable">
            <summary>
            Provides the Draw method for rendering fields. [0.18.0]
            </summary>
        </member>
        <member name="M:UnityModManagerNet.IDrawable.OnChange">
            <summary>
            Called when values change. For sliders it is called too often.
            </summary>
        </member>
        <member name="T:UnityModManagerNet.DrawFieldsAttribute">
            <summary>
            Specifies which fields to render. By default only with attribute Draw. [0.18.0]
            </summary>
        </member>
        <member name="T:UnityModManagerNet.DrawAttribute">
            <summary>
            Sets options for rendering. [0.19.0]
            </summary>
        </member>
        <member name="F:UnityModManagerNet.DrawAttribute.Type">
            <summary>
            Specifies which GUI element to render with. By default Auto.
            </summary>
        </member>
        <member name="F:UnityModManagerNet.DrawAttribute.Label">
            <summary>
            Either this or the field name is displayed.
            </summary>
        </member>
        <member name="F:UnityModManagerNet.DrawAttribute.Width">
            <summary>
            Applies to elements such as sliders, text fields, etc.
            </summary>
        </member>
        <member name="F:UnityModManagerNet.DrawAttribute.Height">
            <summary>
            Applies to elements such as sliders, text fields, etc.
            </summary>
        </member>
        <member name="F:UnityModManagerNet.DrawAttribute.Min">
            <summary>
            Minimum allowed number for sliders and fields.
            </summary>
        </member>
        <member name="F:UnityModManagerNet.DrawAttribute.Max">
            <summary>
            Maximum allowed number for sliders and fields.
            </summary>
        </member>
        <member name="F:UnityModManagerNet.DrawAttribute.Precision">
            <summary>
            Rounds a double-precision floating-point value to a specified number of fractional digits, and rounds midpoint values to the nearest even number. 
            Default 2
            </summary>
        </member>
        <member name="F:UnityModManagerNet.DrawAttribute.MaxLength">
            <summary>
            Maximum text length.
            </summary>
        </member>
        <member name="F:UnityModManagerNet.DrawAttribute.VisibleOn">
            <summary>
            Becomes visible if the field value matches. Use format "FieldName|Value". Supports only string, primitive and enum types.
            </summary>
        </member>
        <member name="F:UnityModManagerNet.DrawAttribute.InvisibleOn">
            <summary>
            Becomes invisible if the field value matches. Use format "FieldName|Value". Supports only string, primitive and enum types.
            </summary>
        </member>
        <member name="F:UnityModManagerNet.DrawAttribute.Box">
            <summary>
            Applies vertical box style to the container.
            </summary>
        </member>
        <member name="F:UnityModManagerNet.DrawAttribute.Collapsible">
            <summary>
            Applies spoiler style to the container.
            </summary>
        </member>
        <member name="F:UnityModManagerNet.DrawAttribute.Vertical">
            <summary>
            Applies vertical or horizontal style to the field.
            </summary>
        </member>
        <member name="F:UnityModManagerNet.DrawAttribute.Tooltip">
            <summary>
            (RichText) [0.25.0]
            </summary>
        </member>
        <member name="F:UnityModManagerNet.DrawAttribute.TextArea">
            <summary>
            Only for string field [0.27.2]
            </summary>
        </member>
        <member name="F:UnityModManagerNet.DrawAttribute.NoFlexibleSpace">
            <summary>
            Some elements use FlexibleSpace for alignment. This option will disable it. [0.29.0]
            </summary>
        </member>
        <member name="F:UnityModManagerNet.DrawAttribute.Unique">
            <summary>
            Set random number if the popup field takes control of similar others. [0.32.2]
            </summary>
        </member>
        <member name="T:UnityModManagerNet.HorizontalAttribute">
            <summary>
            Wraps container in GUILayout.BeginHorizontal() and GUILayout.EndHorizontal(). [0.22.14]
            </summary>
        </member>
        <member name="T:UnityModManagerNet.DrawPropertyAttribute">
            <summary>
            [0.29.0]
            </summary>
        </member>
        <member name="T:UnityModManagerNet.OpenningDrawPropertyAttribute">
            <summary>
            [0.29.0]
            </summary>
        </member>
        <member name="T:UnityModManagerNet.ClosingDrawPropertyAttribute">
            <summary>
            [0.29.0]
            </summary>
        </member>
        <member name="T:UnityModManagerNet.DrawSpaceAttribute">
            <summary>
            Inserts GUILayout.Space(). [0.29.0]
            </summary>
        </member>
        <member name="T:UnityModManagerNet.DrawFlexibleSpaceAttribute">
            <summary>
            Inserts GUILayout.FlexibleSpace(). [0.29.0]
            </summary>
        </member>
        <member name="T:UnityModManagerNet.DrawHeaderAttribute">
            <summary>
            Inserts GUILayout.Label(). [0.29.0]
            </summary>
        </member>
        <member name="F:UnityModManagerNet.DrawHeaderAttribute.Color">
            <summary>
            Hex format
            </summary>
        </member>
        <member name="T:UnityModManagerNet.DrawBeginHorizontalAttribute">
            <summary>
            Inserts GUILayout.BeginHorizontal() and spaces before any GUI keeping order. [0.29.0]
            </summary>
        </member>
        <member name="T:UnityModManagerNet.DrawEndHorizontalAttribute">
            <summary>
            Inserts spaces and GUILayout.EndHorizontal() after any GUI keeping order. [0.29.0]
            </summary>
        </member>
        <member name="T:UnityModManagerNet.DrawBeginVerticalAttribute">
            <summary>
            Inserts GUILayout.BeginVertical() and spaces before any GUI keeping order. [0.29.0]
            </summary>
        </member>
        <member name="T:UnityModManagerNet.DrawEndVerticalAttribute">
            <summary>
            Inserts spaces and GUILayout.EndVertical() after any GUI keeping order. [0.29.0]
            </summary>
        </member>
        <member name="T:UnityModManagerNet.ICopyable">
            <summary>
            [0.18.0]
            </summary>
        </member>
        <member name="T:UnityModManagerNet.CopyFieldMask">
            <summary>
            [0.18.0]
            </summary>
        </member>
        <member name="T:UnityModManagerNet.CopyFieldsAttribute">
            <summary>
            [0.18.0]
            </summary>
        </member>
        <member name="T:UnityModManagerNet.CopyAttribute">
            <summary>
            [0.18.0]
            </summary>
        </member>
        <member name="T:UnityModManagerNet.Vector2i">
            <summary>
            Analog of Vector2Int for UMM [0.29.0]
            </summary>
        </member>
        <member name="T:UnityModManagerNet.Vector3i">
            <summary>
            Analog of Vector3Int for UMM [0.29.0]
            </summary>
        </member>
        <member name="T:TinyJson.IgnoreJsonAttribute">
            <summary>
            [0.26.0]
            </summary>
        </member>
    </members>
</doc>
